{"count":1,"self":4743.4416127999993,"total":5862.5195122,"children":{"InitializeActuators":{"count":32,"self":0.0025185999999999997,"total":0.0025185999999999997,"children":null},"InitializeSensors":{"count":32,"self":0.0049028,"total":0.0049028,"children":null},"AgentSendState":{"count":104501,"self":31.841468799999998,"total":79.2078897,"children":{"CollectObservations":{"count":668832,"self":21.686864,"total":21.6868643,"children":null},"WriteActionMask":{"count":668832,"self":0.5967165,"total":0.5967165,"children":null},"RequestDecision":{"count":668832,"self":2.5886736,"total":25.0828405,"children":{"AgentInfo.ToProto":{"count":668832,"self":2.1443004,"total":22.4941669,"children":{"GenerateSensorData":{"count":668832,"self":17.6365536,"total":20.349866499999997,"children":{"RayPerceptionSensor.Perceive":{"count":668832,"self":2.7133127999999997,"total":2.7133127999999997,"children":null}}}}}}}}},"DecideAction":{"count":104501,"self":1023.9116287999999,"total":1023.9116644999999,"children":null},"AgentAct":{"count":104501,"self":15.716247999999998,"total":15.8301281,"children":{"AgentInfo.ToProto":{"count":1691,"self":0.010784499999999999,"total":0.1138806,"children":{"GenerateSensorData":{"count":1691,"self":0.0907823,"total":0.1030961,"children":{"RayPerceptionSensor.Perceive":{"count":1691,"self":0.0123138,"total":0.0123138,"children":null}}}}}}},"AgentInfo.ToProto":{"count":1590,"self":0.0200952,"total":0.12099069999999999,"children":{"GenerateSensorData":{"count":1590,"self":0.0902273,"total":0.1008955,"children":{"RayPerceptionSensor.Perceive":{"count":1590,"self":0.0106682,"total":0.0106682,"children":null}}}}}},"gauges":{"walker_config.CumulativeReward":{"count":2744,"max":296.876831,"min":-1.29961538,"runningAverage":84.96126,"value":110.676468,"weightedAverage":100.47287},"crawler_config.CumulativeReward":{"count":537,"max":254.472366,"min":-0.9652865,"runningAverage":212.359238,"value":134.549469,"weightedAverage":152.233246}},"metadata":{"timer_format_version":"0.1.0","start_time_seconds":"1772377405","unity_version":"6000.0.66f1","command_line_arguments":"C:\\Program Files\\Unity\\Hub\\Editor\\6000.0.66f1-x86_64\\Editor\\Unity.exe -projectpath C:\\Users\\seval\\ML_Agents_110m_Hurdles -acceptSoftwareTermsForThisRunOnly -useHub -hubIPC -cloudEnvironment production","communication_protocol_version":"1.5.0","com.unity.ml-agents_version":"4.0.2","scene_name":"SampleScene","end_time_seconds":"1772383268"}}